,Gender,Age,Occupation,Sleep Duration,Quality of Sleep,Physical Activity Level,Stress Level,BMI Category,Blood Pressure,Heart Rate,Daily Steps,Sleep Disorder,Systolic,Diastolic,BP_PC1
0,Male,27,Software Engineer,6.1,6,42,6,Overweight,126/83,77,4200,No,126,83,-0.4229238543478787
1,Male,28,Doctor,6.2,6,60,8,Normal,125/80,75,10000,No,125,80,-0.8590491737715664
2,Male,28,Doctor,6.2,6,60,8,Normal,125/80,75,10000,No,125,80,-0.8590491737715664
3,Male,28,Sales Representative,5.9,4,30,8,Obese,140/90,85,3000,Yes,140,90,1.6608486121019737
4,Male,28,Sales Representative,5.9,4,30,8,Obese,140/90,85,3000,Yes,140,90,1.6608486121019737
5,Male,28,Software Engineer,5.9,4,30,8,Obese,140/90,85,3000,Yes,140,90,1.6608486121019737
6,Male,29,Teacher,6.3,6,40,7,Obese,140/90,82,3500,Yes,140,90,1.6608486121019737
7,Male,29,Doctor,7.8,7,75,6,Normal,120/80,70,8000,No,120,80,-1.3159691971121008
8,Male,29,Doctor,7.8,7,75,6,Normal,120/80,70,8000,No,120,80,-1.3159691971121008
9,Male,29,Doctor,7.8,7,75,6,Normal,120/80,70,8000,No,120,80,-1.3159691971121008
10,Male,29,Doctor,6.1,6,30,8,Normal,120/80,70,8000,No,120,80,-1.3159691971121008
11,Male,29,Doctor,7.8,7,75,6,Normal,120/80,70,8000,No,120,80,-1.3159691971121008
12,Male,29,Doctor,6.1,6,30,8,Normal,120/80,70,8000,No,120,80,-1.3159691971121008
13,Male,29,Doctor,6.0,6,30,8,Normal,120/80,70,8000,No,120,80,-1.3159691971121008
14,Male,29,Doctor,6.0,6,30,8,Normal,120/80,70,8000,No,120,80,-1.3159691971121008
15,Male,29,Doctor,6.0,6,30,8,Normal,120/80,70,8000,No,120,80,-1.3159691971121008
16,Female,29,Nurse,6.5,5,40,7,Normal,132/87,80,4000,Yes,132,87,0.5850352600015372
17,Male,29,Doctor,6.0,6,30,8,Normal,120/80,70,8000,Yes,120,80,-1.3159691971121008
18,Female,29,Nurse,6.5,5,40,7,Normal,132/87,80,4000,Yes,132,87,0.5850352600015372
19,Male,30,Doctor,7.6,7,75,6,Normal,120/80,70,8000,No,120,80,-1.3159691971121008
20,Male,30,Doctor,7.7,7,75,6,Normal,120/80,70,8000,No,120,80,-1.3159691971121008
21,Male,30,Doctor,7.7,7,75,6,Normal,120/80,70,8000,No,120,80,-1.3159691971121008
22,Male,30,Doctor,7.7,7,75,6,Normal,120/80,70,8000,No,120,80,-1.3159691971121008
23,Male,30,Doctor,7.7,7,75,6,Normal,120/80,70,8000,No,120,80,-1.3159691971121008
24,Male,30,Doctor,7.8,7,75,6,Normal,120/80,70,8000,No,120,80,-1.3159691971121008
25,Male,30,Doctor,7.9,7,75,6,Normal,120/80,70,8000,No,120,80,-1.3159691971121008
26,Male,30,Doctor,7.8,7,75,6,Normal,120/80,70,8000,No,120,80,-1.3159691971121008
27,Male,30,Doctor,7.9,7,75,6,Normal,120/80,70,8000,No,120,80,-1.3159691971121008
28,Male,30,Doctor,7.9,7,75,6,Normal,120/80,70,8000,No,120,80,-1.3159691971121008
29,Male,30,Doctor,7.9,7,75,6,Normal,120/80,70,8000,No,120,80,-1.3159691971121008
30,Female,30,Nurse,6.4,5,35,7,Normal,130/86,78,4100,Yes,130,86,0.28735347908012976
31,Female,30,Nurse,6.4,5,35,7,Normal,130/86,78,4100,Yes,130,86,0.28735347908012976
32,Female,31,Nurse,7.9,8,75,4,Normal,117/76,69,6800,No,117,76,-2.049776297457196
33,Male,31,Doctor,6.1,6,30,8,Normal,125/80,72,5000,No,125,80,-0.8590491737715664
34,Male,31,Doctor,7.7,7,75,6,Normal,120/80,70,8000,No,120,80,-1.3159691971121008
35,Male,31,Doctor,6.1,6,30,8,Normal,125/80,72,5000,No,125,80,-0.8590491737715664
36,Male,31,Doctor,6.1,6,30,8,Normal,125/80,72,5000,No,125,80,-0.8590491737715664
37,Male,31,Doctor,7.6,7,75,6,Normal,120/80,70,8000,No,120,80,-1.3159691971121008
38,Male,31,Doctor,7.6,7,75,6,Normal,120/80,70,8000,No,120,80,-1.3159691971121008
39,Male,31,Doctor,7.6,7,75,6,Normal,120/80,70,8000,No,120,80,-1.3159691971121008
40,Male,31,Doctor,7.7,7,75,6,Normal,120/80,70,8000,No,120,80,-1.3159691971121008
41,Male,31,Doctor,7.7,7,75,6,Normal,120/80,70,8000,No,120,80,-1.3159691971121008
42,Male,31,Doctor,7.7,7,75,6,Normal,120/80,70,8000,No,120,80,-1.3159691971121008
43,Male,31,Doctor,7.8,7,75,6,Normal,120/80,70,8000,No,120,80,-1.3159691971121008
44,Male,31,Doctor,7.7,7,75,6,Normal,120/80,70,8000,No,120,80,-1.3159691971121008
45,Male,31,Doctor,7.8,7,75,6,Normal,120/80,70,8000,No,120,80,-1.3159691971121008
46,Male,31,Doctor,7.7,7,75,6,Normal,120/80,70,8000,No,120,80,-1.3159691971121008
47,Male,31,Doctor,7.8,7,75,6,Normal,120/80,70,8000,No,120,80,-1.3159691971121008
48,Male,31,Doctor,7.7,7,75,6,Normal,120/80,70,8000,No,120,80,-1.3159691971121008
49,Male,31,Doctor,7.7,7,75,6,Normal,120/80,70,8000,Yes,120,80,-1.3159691971121008
50,Male,32,Engineer,7.5,8,45,3,Normal,120/80,70,8000,No,120,80,-1.3159691971121008
51,Male,32,Engineer,7.5,8,45,3,Normal,120/80,70,8000,No,120,80,-1.3159691971121008
52,Male,32,Doctor,6.0,6,30,8,Normal,125/80,72,5000,No,125,80,-0.8590491737715664
53,Male,32,Doctor,7.6,7,75,6,Normal,120/80,70,8000,No,120,80,-1.3159691971121008
54,Male,32,Doctor,6.0,6,30,8,Normal,125/80,72,5000,No,125,80,-0.8590491737715664
55,Male,32,Doctor,6.0,6,30,8,Normal,125/80,72,5000,No,125,80,-0.8590491737715664
56,Male,32,Doctor,7.7,7,75,6,Normal,120/80,70,8000,No,120,80,-1.3159691971121008
57,Male,32,Doctor,6.0,6,30,8,Normal,125/80,72,5000,No,125,80,-0.8590491737715664
58,Male,32,Doctor,6.0,6,30,8,Normal,125/80,72,5000,No,125,80,-0.8590491737715664
59,Male,32,Doctor,7.7,7,75,6,Normal,120/80,70,8000,No,120,80,-1.3159691971121008
60,Male,32,Doctor,6.0,6,30,8,Normal,125/80,72,5000,No,125,80,-0.8590491737715664
61,Male,32,Doctor,6.0,6,30,8,Normal,125/80,72,5000,No,125,80,-0.8590491737715664
62,Male,32,Doctor,6.2,6,30,8,Normal,125/80,72,5000,No,125,80,-0.8590491737715664
63,Male,32,Doctor,6.2,6,30,8,Normal,125/80,72,5000,No,125,80,-0.8590491737715664
64,Male,32,Doctor,6.2,6,30,8,Normal,125/80,72,5000,No,125,80,-0.8590491737715664
65,Male,32,Doctor,6.2,6,30,8,Normal,125/80,72,5000,No,125,80,-0.8590491737715664
66,Male,32,Accountant,7.2,8,50,6,Normal,118/76,68,7000,No,118,76,-1.958392292789089
67,Male,33,Doctor,6.0,6,30,8,Normal,125/80,72,5000,Yes,125,80,-0.8590491737715664
68,Female,33,Scientist,6.2,6,50,6,Overweight,128/85,76,5500,No,128,85,-0.01032830184127768
69,Female,33,Scientist,6.2,6,50,6,Overweight,128/85,76,5500,No,128,85,-0.01032830184127768
70,Male,33,Doctor,6.1,6,30,8,Normal,125/80,72,5000,No,125,80,-0.8590491737715664
71,Male,33,Doctor,6.1,6,30,8,Normal,125/80,72,5000,No,125,80,-0.8590491737715664
72,Male,33,Doctor,6.1,6,30,8,Normal,125/80,72,5000,No,125,80,-0.8590491737715664
73,Male,33,Doctor,6.1,6,30,8,Normal,125/80,72,5000,No,125,80,-0.8590491737715664
74,Male,33,Doctor,6.0,6,30,8,Normal,125/80,72,5000,No,125,80,-0.8590491737715664
75,Male,33,Doctor,6.0,6,30,8,Normal,125/80,72,5000,No,125,80,-0.8590491737715664
76,Male,33,Doctor,6.0,6,30,8,Normal,125/80,72,5000,No,125,80,-0.8590491737715664
77,Male,33,Doctor,6.0,6,30,8,Normal,125/80,72,5000,No,125,80,-0.8590491737715664
78,Male,33,Doctor,6.0,6,30,8,Normal,125/80,72,5000,No,125,80,-0.8590491737715664
79,Male,33,Doctor,6.0,6,30,8,Normal,125/80,72,5000,No,125,80,-0.8590491737715664
80,Female,34,Scientist,5.8,4,32,8,Overweight,131/86,81,5200,Yes,131,86,0.3787374837482367
81,Female,34,Scientist,5.8,4,32,8,Overweight,131/86,81,5200,Yes,131,86,0.3787374837482367
82,Male,35,Teacher,6.7,7,40,5,Overweight,128/84,70,5600,No,128,84,-0.12524207342647123
83,Male,35,Teacher,6.7,7,40,5,Overweight,128/84,70,5600,No,128,84,-0.12524207342647123
84,Male,35,Software Engineer,7.5,8,60,5,Normal,120/80,70,8000,No,120,80,-1.3159691971121008
85,Female,35,Accountant,7.2,8,60,4,Normal,115/75,68,7000,No,115,75,-2.3474580783786037
86,Male,35,Engineer,7.2,8,60,4,Normal,125/80,65,5000,No,125,80,-0.8590491737715664
87,Male,35,Engineer,7.2,8,60,4,Normal,125/80,65,5000,No,125,80,-0.8590491737715664
88,Male,35,Engineer,7.3,8,60,4,Normal,125/80,65,5000,No,125,80,-0.8590491737715664
89,Male,35,Engineer,7.3,8,60,4,Normal,125/80,65,5000,No,125,80,-0.8590491737715664
90,Male,35,Engineer,7.3,8,60,4,Normal,125/80,65,5000,No,125,80,-0.8590491737715664
91,Male,35,Engineer,7.3,8,60,4,Normal,125/80,65,5000,No,125,80,-0.8590491737715664
92,Male,35,Software Engineer,7.5,8,60,5,Normal,120/80,70,8000,No,120,80,-1.3159691971121008
93,Male,35,Lawyer,7.4,7,60,5,Obese,135/88,84,3300,Yes,135,88,0.9741010455910515
94,Female,36,Accountant,7.2,8,60,4,Normal,115/75,68,7000,Yes,115,75,-2.3474580783786037
95,Female,36,Accountant,7.1,8,60,4,Normal,115/75,68,7000,No,115,75,-2.3474580783786037
96,Female,36,Accountant,7.2,8,60,4,Normal,115/75,68,7000,No,115,75,-2.3474580783786037
97,Female,36,Accountant,7.1,8,60,4,Normal,115/75,68,7000,No,115,75,-2.3474580783786037
98,Female,36,Teacher,7.1,8,60,4,Normal,115/75,68,7000,No,115,75,-2.3474580783786037
99,Female,36,Teacher,7.1,8,60,4,Normal,115/75,68,7000,No,115,75,-2.3474580783786037
100,Female,36,Teacher,7.2,8,60,4,Normal,115/75,68,7000,No,115,75,-2.3474580783786037
101,Female,36,Teacher,7.2,8,60,4,Normal,115/75,68,7000,No,115,75,-2.3474580783786037
102,Female,36,Teacher,7.2,8,60,4,Normal,115/75,68,7000,No,115,75,-2.3474580783786037
103,Male,36,Teacher,6.6,5,35,7,Overweight,129/84,74,4800,Yes,129,84,-0.033858068758364314
104,Female,36,Teacher,7.2,8,60,4,Normal,115/75,68,7000,Yes,115,75,-2.3474580783786037
105,Male,36,Teacher,6.6,5,35,7,Overweight,129/84,74,4800,Yes,129,84,-0.033858068758364314
106,Female,37,Nurse,6.1,6,42,6,Overweight,126/83,77,4200,No,126,83,-0.4229238543478787
107,Male,37,Engineer,7.8,8,70,4,Normal,120/80,68,7000,No,120,80,-1.3159691971121008
108,Male,37,Engineer,7.8,8,70,4,Normal,120/80,68,7000,No,120,80,-1.3159691971121008
109,Male,37,Lawyer,7.4,8,60,5,Normal,130/85,68,8000,No,130,85,0.17243970749493623
110,Female,37,Accountant,7.2,8,60,4,Normal,115/75,68,7000,No,115,75,-2.3474580783786037
111,Male,37,Lawyer,7.4,8,60,5,Normal,130/85,68,8000,No,130,85,0.17243970749493623
112,Female,37,Accountant,7.2,8,60,4,Normal,115/75,68,7000,No,115,75,-2.3474580783786037
113,Male,37,Lawyer,7.4,8,60,5,Normal,130/85,68,8000,No,130,85,0.17243970749493623
114,Female,37,Accountant,7.2,8,60,4,Normal,115/75,68,7000,No,115,75,-2.3474580783786037
115,Female,37,Accountant,7.2,8,60,4,Normal,115/75,68,7000,No,115,75,-2.3474580783786037
116,Female,37,Accountant,7.2,8,60,4,Normal,115/75,68,7000,No,115,75,-2.3474580783786037
117,Female,37,Accountant,7.2,8,60,4,Normal,115/75,68,7000,No,115,75,-2.3474580783786037
118,Female,37,Accountant,7.2,8,60,4,Normal,115/75,68,7000,No,115,75,-2.3474580783786037
119,Female,37,Accountant,7.2,8,60,4,Normal,115/75,68,7000,No,115,75,-2.3474580783786037
120,Female,37,Accountant,7.2,8,60,4,Normal,115/75,68,7000,No,115,75,-2.3474580783786037
121,Female,37,Accountant,7.2,8,60,4,Normal,115/75,68,7000,No,115,75,-2.3474580783786037
122,Female,37,Accountant,7.2,8,60,4,Normal,115/75,68,7000,No,115,75,-2.3474580783786037
123,Female,37,Accountant,7.2,8,60,4,Normal,115/75,68,7000,No,115,75,-2.3474580783786037
124,Female,37,Accountant,7.2,8,60,4,Normal,115/75,68,7000,No,115,75,-2.3474580783786037
125,Female,37,Nurse,7.5,8,60,4,Normal,120/80,70,8000,No,120,80,-1.3159691971121008
126,Male,38,Lawyer,7.3,8,60,5,Normal,130/85,68,8000,No,130,85,0.17243970749493623
127,Female,38,Accountant,7.1,8,60,4,Normal,115/75,68,7000,No,115,75,-2.3474580783786037
128,Male,38,Lawyer,7.3,8,60,5,Normal,130/85,68,8000,No,130,85,0.17243970749493623
129,Male,38,Lawyer,7.3,8,60,5,Normal,130/85,68,8000,No,130,85,0.17243970749493623
130,Female,38,Accountant,7.1,8,60,4,Normal,115/75,68,7000,No,115,75,-2.3474580783786037
131,Male,38,Lawyer,7.3,8,60,5,Normal,130/85,68,8000,No,130,85,0.17243970749493623
132,Male,38,Lawyer,7.3,8,60,5,Normal,130/85,68,8000,No,130,85,0.17243970749493623
133,Female,38,Accountant,7.1,8,60,4,Normal,115/75,68,7000,No,115,75,-2.3474580783786037
134,Male,38,Lawyer,7.3,8,60,5,Normal,130/85,68,8000,No,130,85,0.17243970749493623
135,Male,38,Lawyer,7.3,8,60,5,Normal,130/85,68,8000,No,130,85,0.17243970749493623
136,Female,38,Accountant,7.1,8,60,4,Normal,115/75,68,7000,No,115,75,-2.3474580783786037
137,Male,38,Lawyer,7.1,8,60,5,Normal,130/85,68,8000,No,130,85,0.17243970749493623
138,Female,38,Accountant,7.1,8,60,4,Normal,115/75,68,7000,No,115,75,-2.3474580783786037
139,Male,38,Lawyer,7.1,8,60,5,Normal,130/85,68,8000,No,130,85,0.17243970749493623
140,Female,38,Accountant,7.1,8,60,4,Normal,115/75,68,7000,No,115,75,-2.3474580783786037
141,Male,38,Lawyer,7.1,8,60,5,Normal,130/85,68,8000,No,130,85,0.17243970749493623
142,Female,38,Accountant,7.1,8,60,4,Normal,115/75,68,7000,No,115,75,-2.3474580783786037
143,Female,38,Accountant,7.1,8,60,4,Normal,115/75,68,7000,No,115,75,-2.3474580783786037
144,Male,38,Lawyer,7.1,8,60,5,Normal,130/85,68,8000,Yes,130,85,0.17243970749493623
145,Female,38,Lawyer,7.4,7,60,5,Obese,135/88,84,3300,Yes,135,88,0.9741010455910515
146,Male,39,Lawyer,7.2,8,60,5,Normal,130/85,68,8000,Yes,130,85,0.17243970749493623
147,Male,39,Engineer,6.5,5,40,7,Overweight,132/87,80,4000,Yes,132,87,0.5850352600015372
148,Female,39,Lawyer,6.9,7,50,6,Normal,128/85,75,5500,No,128,85,-0.01032830184127768
149,Female,39,Accountant,8.0,9,80,3,Normal,115/78,67,7500,No,115,78,-2.0027167636230225
150,Female,39,Accountant,8.0,9,80,3,Normal,115/78,67,7500,No,115,78,-2.0027167636230225
151,Male,39,Lawyer,7.2,8,60,5,Normal,130/85,68,8000,No,130,85,0.17243970749493623
152,Male,39,Lawyer,7.2,8,60,5,Normal,130/85,68,8000,No,130,85,0.17243970749493623
153,Male,39,Lawyer,7.2,8,60,5,Normal,130/85,68,8000,No,130,85,0.17243970749493623
154,Male,39,Lawyer,7.2,8,60,5,Normal,130/85,68,8000,No,130,85,0.17243970749493623
155,Male,39,Lawyer,7.2,8,60,5,Normal,130/85,68,8000,No,130,85,0.17243970749493623
156,Male,39,Lawyer,7.2,8,60,5,Normal,130/85,68,8000,No,130,85,0.17243970749493623
157,Male,39,Lawyer,7.2,8,60,5,Normal,130/85,68,8000,No,130,85,0.17243970749493623
158,Male,39,Lawyer,7.2,8,60,5,Normal,130/85,68,8000,No,130,85,0.17243970749493623
159,Male,39,Lawyer,7.2,8,60,5,Normal,130/85,68,8000,No,130,85,0.17243970749493623
160,Male,39,Lawyer,7.2,8,60,5,Normal,130/85,68,8000,No,130,85,0.17243970749493623
161,Female,40,Accountant,7.2,8,55,6,Normal,119/77,73,7300,No,119,77,-1.7520945165357884
162,Female,40,Accountant,7.2,8,55,6,Normal,119/77,73,7300,No,119,77,-1.7520945165357884
163,Male,40,Lawyer,7.9,8,90,5,Normal,130/85,68,8000,No,130,85,0.17243970749493623
164,Male,40,Lawyer,7.9,8,90,5,Normal,130/85,68,8000,No,130,85,0.17243970749493623
165,Male,41,Lawyer,7.6,8,90,5,Normal,130/85,70,8000,Yes,130,85,0.17243970749493623
166,Male,41,Engineer,7.3,8,70,6,Normal,121/79,72,6200,No,121,79,-1.3394989640291877
167,Male,41,Lawyer,7.1,7,55,6,Overweight,125/82,72,6000,No,125,82,-0.6292216306011792
168,Male,41,Lawyer,7.1,7,55,6,Overweight,125/82,72,6000,No,125,82,-0.6292216306011792
169,Male,41,Lawyer,7.7,8,90,5,Normal,130/85,70,8000,No,130,85,0.17243970749493623
170,Male,41,Lawyer,7.7,8,90,5,Normal,130/85,70,8000,No,130,85,0.17243970749493623
171,Male,41,Lawyer,7.7,8,90,5,Normal,130/85,70,8000,No,130,85,0.17243970749493623
172,Male,41,Lawyer,7.7,8,90,5,Normal,130/85,70,8000,No,130,85,0.17243970749493623
173,Male,41,Lawyer,7.7,8,90,5,Normal,130/85,70,8000,No,130,85,0.17243970749493623
174,Male,41,Lawyer,7.6,8,90,5,Normal,130/85,70,8000,No,130,85,0.17243970749493623
175,Male,41,Lawyer,7.6,8,90,5,Normal,130/85,70,8000,No,130,85,0.17243970749493623
176,Male,41,Lawyer,7.6,8,90,5,Normal,130/85,70,8000,No,130,85,0.17243970749493623
177,Male,42,Salesperson,6.5,6,45,7,Overweight,130/85,72,6000,Yes,130,85,0.17243970749493623
178,Male,42,Lawyer,7.8,8,90,5,Normal,130/85,70,8000,No,130,85,0.17243970749493623
179,Male,42,Lawyer,7.8,8,90,5,Normal,130/85,70,8000,No,130,85,0.17243970749493623
180,Male,42,Lawyer,7.8,8,90,5,Normal,130/85,70,8000,No,130,85,0.17243970749493623
181,Male,42,Lawyer,7.8,8,90,5,Normal,130/85,70,8000,No,130,85,0.17243970749493623
182,Male,42,Lawyer,7.8,8,90,5,Normal,130/85,70,8000,No,130,85,0.17243970749493623
183,Male,42,Lawyer,7.8,8,90,5,Normal,130/85,70,8000,No,130,85,0.17243970749493623
184,Female,42,Teacher,6.8,6,45,7,Overweight,130/85,78,5000,Yes,130,85,0.17243970749493623
185,Female,42,Teacher,6.8,6,45,7,Overweight,130/85,78,5000,Yes,130,85,0.17243970749493623
186,Female,43,Teacher,6.7,7,45,4,Overweight,135/90,65,6000,Yes,135,90,1.2039285887614388
187,Male,43,Salesperson,6.3,6,45,7,Overweight,130/85,72,6000,Yes,130,85,0.17243970749493623
188,Female,43,Teacher,6.7,7,45,4,Overweight,135/90,65,6000,Yes,135,90,1.2039285887614388
189,Male,43,Salesperson,6.5,6,45,7,Overweight,130/85,72,6000,Yes,130,85,0.17243970749493623
190,Female,43,Teacher,6.7,7,45,4,Overweight,135/90,65,6000,Yes,135,90,1.2039285887614388
191,Male,43,Salesperson,6.4,6,45,7,Overweight,130/85,72,6000,Yes,130,85,0.17243970749493623
192,Male,43,Salesperson,6.5,6,45,7,Overweight,130/85,72,6000,Yes,130,85,0.17243970749493623
193,Male,43,Salesperson,6.5,6,45,7,Overweight,130/85,72,6000,Yes,130,85,0.17243970749493623
194,Male,43,Salesperson,6.5,6,45,7,Overweight,130/85,72,6000,Yes,130,85,0.17243970749493623
195,Male,43,Salesperson,6.5,6,45,7,Overweight,130/85,72,6000,Yes,130,85,0.17243970749493623
196,Male,43,Salesperson,6.5,6,45,7,Overweight,130/85,72,6000,Yes,130,85,0.17243970749493623
197,Male,43,Salesperson,6.5,6,45,7,Overweight,130/85,72,6000,Yes,130,85,0.17243970749493623
198,Male,43,Salesperson,6.5,6,45,7,Overweight,130/85,72,6000,Yes,130,85,0.17243970749493623
199,Male,43,Salesperson,6.5,6,45,7,Overweight,130/85,72,6000,Yes,130,85,0.17243970749493623
200,Male,43,Salesperson,6.5,6,45,7,Overweight,130/85,72,6000,Yes,130,85,0.17243970749493623
201,Male,43,Engineer,7.8,8,90,5,Normal,130/85,70,8000,Yes,130,85,0.17243970749493623
202,Male,43,Engineer,7.8,8,90,5,Normal,130/85,70,8000,Yes,130,85,0.17243970749493623
203,Male,43,Engineer,6.9,6,47,7,Normal,117/76,69,6800,No,117,76,-2.049776297457196
204,Male,43,Engineer,7.6,8,75,4,Overweight,122/80,68,6800,No,122,80,-1.133201187775887
205,Male,43,Engineer,7.7,8,90,5,Normal,130/85,70,8000,No,130,85,0.17243970749493623
206,Male,43,Engineer,7.7,8,90,5,Normal,130/85,70,8000,No,130,85,0.17243970749493623
207,Male,43,Engineer,7.7,8,90,5,Normal,130/85,70,8000,No,130,85,0.17243970749493623
208,Male,43,Engineer,7.7,8,90,5,Normal,130/85,70,8000,No,130,85,0.17243970749493623
209,Male,43,Engineer,7.8,8,90,5,Normal,130/85,70,8000,No,130,85,0.17243970749493623
210,Male,43,Engineer,7.7,8,90,5,Normal,130/85,70,8000,No,130,85,0.17243970749493623
211,Male,43,Engineer,7.8,8,90,5,Normal,130/85,70,8000,No,130,85,0.17243970749493623
212,Male,43,Engineer,7.8,8,90,5,Normal,130/85,70,8000,No,130,85,0.17243970749493623
213,Male,43,Engineer,7.8,8,90,5,Normal,130/85,70,8000,No,130,85,0.17243970749493623
214,Male,43,Engineer,7.8,8,90,5,Normal,130/85,70,8000,No,130,85,0.17243970749493623
215,Male,43,Engineer,7.8,8,90,5,Normal,130/85,70,8000,No,130,85,0.17243970749493623
216,Male,43,Engineer,7.8,8,90,5,Normal,130/85,70,8000,No,130,85,0.17243970749493623
217,Male,43,Engineer,7.8,8,90,5,Normal,130/85,70,8000,No,130,85,0.17243970749493623
218,Male,43,Engineer,7.8,8,90,5,Normal,130/85,70,8000,Yes,130,85,0.17243970749493623
219,Male,43,Salesperson,6.5,6,45,7,Overweight,130/85,72,6000,Yes,130,85,0.17243970749493623
220,Female,44,Teacher,6.6,7,45,4,Overweight,135/90,65,6000,Yes,135,90,1.2039285887614388
221,Male,44,Salesperson,6.4,6,45,7,Overweight,130/85,72,6000,Yes,130,85,0.17243970749493623
222,Male,44,Salesperson,6.3,6,45,7,Overweight,130/85,72,6000,Yes,130,85,0.17243970749493623
223,Male,44,Salesperson,6.4,6,45,7,Overweight,130/85,72,6000,Yes,130,85,0.17243970749493623
224,Female,44,Teacher,6.6,7,45,4,Overweight,135/90,65,6000,Yes,135,90,1.2039285887614388
225,Male,44,Salesperson,6.3,6,45,7,Overweight,130/85,72,6000,Yes,130,85,0.17243970749493623
226,Female,44,Teacher,6.6,7,45,4,Overweight,135/90,65,6000,Yes,135,90,1.2039285887614388
227,Male,44,Salesperson,6.3,6,45,7,Overweight,130/85,72,6000,Yes,130,85,0.17243970749493623
228,Female,44,Teacher,6.6,7,45,4,Overweight,135/90,65,6000,Yes,135,90,1.2039285887614388
229,Male,44,Salesperson,6.3,6,45,7,Overweight,130/85,72,6000,Yes,130,85,0.17243970749493623
230,Female,44,Teacher,6.6,7,45,4,Overweight,135/90,65,6000,Yes,135,90,1.2039285887614388
231,Male,44,Salesperson,6.3,6,45,7,Overweight,130/85,72,6000,Yes,130,85,0.17243970749493623
232,Female,44,Teacher,6.6,7,45,4,Overweight,135/90,65,6000,Yes,135,90,1.2039285887614388
233,Male,44,Salesperson,6.3,6,45,7,Overweight,130/85,72,6000,Yes,130,85,0.17243970749493623
234,Female,44,Teacher,6.6,7,45,4,Overweight,135/90,65,6000,Yes,135,90,1.2039285887614388
235,Male,44,Salesperson,6.3,6,45,7,Overweight,130/85,72,6000,Yes,130,85,0.17243970749493623
236,Male,44,Salesperson,6.4,6,45,7,Overweight,130/85,72,6000,Yes,130,85,0.17243970749493623
237,Female,44,Teacher,6.5,7,45,4,Overweight,135/90,65,6000,Yes,135,90,1.2039285887614388
238,Male,44,Salesperson,6.3,6,45,7,Overweight,130/85,72,6000,Yes,130,85,0.17243970749493623
239,Male,44,Salesperson,6.4,6,45,7,Overweight,130/85,72,6000,Yes,130,85,0.17243970749493623
240,Female,44,Teacher,6.5,7,45,4,Overweight,135/90,65,6000,Yes,135,90,1.2039285887614388
241,Male,44,Salesperson,6.3,6,45,7,Overweight,130/85,72,6000,Yes,130,85,0.17243970749493623
242,Male,44,Salesperson,6.4,6,45,7,Overweight,130/85,72,6000,Yes,130,85,0.17243970749493623
243,Female,44,Teacher,6.5,7,45,4,Overweight,135/90,65,6000,Yes,135,90,1.2039285887614388
244,Male,44,Salesperson,6.3,6,45,7,Overweight,130/85,72,6000,Yes,130,85,0.17243970749493623
245,Female,44,Teacher,6.5,7,45,4,Overweight,135/90,65,6000,Yes,135,90,1.2039285887614388
246,Male,44,Salesperson,6.3,6,45,7,Overweight,130/85,72,6000,Yes,130,85,0.17243970749493623
247,Male,44,Engineer,6.8,7,45,7,Overweight,130/85,78,5000,Yes,130,85,0.17243970749493623
248,Male,44,Salesperson,6.4,6,45,7,Overweight,130/85,72,6000,No,130,85,0.17243970749493623
249,Male,44,Salesperson,6.5,6,45,7,Overweight,130/85,72,6000,No,130,85,0.17243970749493623
250,Female,45,Teacher,6.8,7,30,6,Overweight,135/90,65,6000,Yes,135,90,1.2039285887614388
251,Female,45,Teacher,6.8,7,30,6,Overweight,135/90,65,6000,Yes,135,90,1.2039285887614388
252,Female,45,Teacher,6.5,7,45,4,Overweight,135/90,65,6000,Yes,135,90,1.2039285887614388
253,Female,45,Teacher,6.5,7,45,4,Overweight,135/90,65,6000,Yes,135,90,1.2039285887614388
254,Female,45,Teacher,6.5,7,45,4,Overweight,135/90,65,6000,Yes,135,90,1.2039285887614388
255,Female,45,Teacher,6.5,7,45,4,Overweight,135/90,65,6000,Yes,135,90,1.2039285887614388
256,Female,45,Teacher,6.6,7,45,4,Overweight,135/90,65,6000,Yes,135,90,1.2039285887614388
257,Female,45,Teacher,6.6,7,45,4,Overweight,135/90,65,6000,Yes,135,90,1.2039285887614388
258,Female,45,Teacher,6.6,7,45,4,Overweight,135/90,65,6000,Yes,135,90,1.2039285887614388
259,Female,45,Teacher,6.6,7,45,4,Overweight,135/90,65,6000,Yes,135,90,1.2039285887614388
260,Female,45,Teacher,6.6,7,45,4,Overweight,135/90,65,6000,Yes,135,90,1.2039285887614388
261,Female,45,Teacher,6.6,7,45,4,Overweight,135/90,65,6000,No,135,90,1.2039285887614388
262,Female,45,Teacher,6.6,7,45,4,Overweight,135/90,65,6000,No,135,90,1.2039285887614388
263,Female,45,Manager,6.9,7,55,5,Overweight,125/82,75,5500,No,125,82,-0.6292216306011792
264,Male,48,Doctor,7.3,7,65,5,Obese,142/92,83,3500,Yes,142,92,2.0734441646085746
265,Female,48,Nurse,5.9,6,90,8,Overweight,140/95,75,10000,Yes,140,95,2.2354174700279414
266,Male,48,Doctor,7.3,7,65,5,Obese,142/92,83,3500,Yes,142,92,2.0734441646085746
267,Female,49,Nurse,6.2,6,90,8,Overweight,140/95,75,10000,No,140,95,2.2354174700279414
268,Female,49,Nurse,6.0,6,90,8,Overweight,140/95,75,10000,Yes,140,95,2.2354174700279414
269,Female,49,Nurse,6.1,6,90,8,Overweight,140/95,75,10000,Yes,140,95,2.2354174700279414
270,Female,49,Nurse,6.1,6,90,8,Overweight,140/95,75,10000,Yes,140,95,2.2354174700279414
271,Female,49,Nurse,6.1,6,90,8,Overweight,140/95,75,10000,Yes,140,95,2.2354174700279414
272,Female,49,Nurse,6.1,6,90,8,Overweight,140/95,75,10000,Yes,140,95,2.2354174700279414
273,Female,49,Nurse,6.2,6,90,8,Overweight,140/95,75,10000,Yes,140,95,2.2354174700279414
274,Female,49,Nurse,6.2,6,90,8,Overweight,140/95,75,10000,Yes,140,95,2.2354174700279414
275,Female,49,Nurse,6.2,6,90,8,Overweight,140/95,75,10000,Yes,140,95,2.2354174700279414
276,Male,49,Doctor,8.1,9,85,3,Obese,139/91,86,3700,Yes,139,91,1.68437837901906
277,Male,49,Doctor,8.1,9,85,3,Obese,139/91,86,3700,Yes,139,91,1.68437837901906
278,Female,50,Nurse,6.1,6,90,8,Overweight,140/95,75,10000,Yes,140,95,2.2354174700279414
279,Female,50,Engineer,8.3,9,30,3,Normal,125/80,65,5000,No,125,80,-0.8590491737715664
280,Female,50,Nurse,6.0,6,90,8,Overweight,140/95,75,10000,No,140,95,2.2354174700279414
281,Female,50,Nurse,6.1,6,90,8,Overweight,140/95,75,10000,Yes,140,95,2.2354174700279414
282,Female,50,Nurse,6.0,6,90,8,Overweight,140/95,75,10000,Yes,140,95,2.2354174700279414
283,Female,50,Nurse,6.0,6,90,8,Overweight,140/95,75,10000,Yes,140,95,2.2354174700279414
284,Female,50,Nurse,6.0,6,90,8,Overweight,140/95,75,10000,Yes,140,95,2.2354174700279414
285,Female,50,Nurse,6.0,6,90,8,Overweight,140/95,75,10000,Yes,140,95,2.2354174700279414
286,Female,50,Nurse,6.0,6,90,8,Overweight,140/95,75,10000,Yes,140,95,2.2354174700279414
287,Female,50,Nurse,6.0,6,90,8,Overweight,140/95,75,10000,Yes,140,95,2.2354174700279414
288,Female,50,Nurse,6.0,6,90,8,Overweight,140/95,75,10000,Yes,140,95,2.2354174700279414
289,Female,50,Nurse,6.1,6,90,8,Overweight,140/95,75,10000,Yes,140,95,2.2354174700279414
290,Female,50,Nurse,6.0,6,90,8,Overweight,140/95,75,10000,Yes,140,95,2.2354174700279414
291,Female,50,Nurse,6.1,6,90,8,Overweight,140/95,75,10000,Yes,140,95,2.2354174700279414
292,Female,50,Nurse,6.1,6,90,8,Overweight,140/95,75,10000,Yes,140,95,2.2354174700279414
293,Female,50,Nurse,6.0,6,90,8,Overweight,140/95,75,10000,Yes,140,95,2.2354174700279414
294,Female,50,Nurse,6.1,6,90,8,Overweight,140/95,75,10000,Yes,140,95,2.2354174700279414
295,Female,50,Nurse,6.0,6,90,8,Overweight,140/95,75,10000,Yes,140,95,2.2354174700279414
296,Female,50,Nurse,6.1,6,90,8,Overweight,140/95,75,10000,Yes,140,95,2.2354174700279414
297,Female,50,Nurse,6.1,6,90,8,Overweight,140/95,75,10000,Yes,140,95,2.2354174700279414
298,Female,51,Engineer,8.5,9,30,3,Normal,125/80,65,5000,No,125,80,-0.8590491737715664
299,Female,51,Engineer,8.5,9,30,3,Normal,125/80,65,5000,No,125,80,-0.8590491737715664
300,Female,51,Engineer,8.5,9,30,3,Normal,125/80,65,5000,No,125,80,-0.8590491737715664
301,Female,51,Engineer,8.5,9,30,3,Normal,125/80,65,5000,No,125,80,-0.8590491737715664
302,Female,51,Nurse,7.1,7,55,6,Normal,125/82,72,6000,No,125,82,-0.6292216306011792
303,Female,51,Nurse,6.0,6,90,8,Overweight,140/95,75,10000,Yes,140,95,2.2354174700279414
304,Female,51,Nurse,6.1,6,90,8,Overweight,140/95,75,10000,Yes,140,95,2.2354174700279414
305,Female,51,Nurse,6.1,6,90,8,Overweight,140/95,75,10000,Yes,140,95,2.2354174700279414
306,Female,52,Accountant,6.5,7,45,7,Overweight,130/85,72,6000,Yes,130,85,0.17243970749493623
307,Female,52,Accountant,6.5,7,45,7,Overweight,130/85,72,6000,Yes,130,85,0.17243970749493623
308,Female,52,Accountant,6.6,7,45,7,Overweight,130/85,72,6000,Yes,130,85,0.17243970749493623
309,Female,52,Accountant,6.6,7,45,7,Overweight,130/85,72,6000,Yes,130,85,0.17243970749493623
310,Female,52,Accountant,6.6,7,45,7,Overweight,130/85,72,6000,Yes,130,85,0.17243970749493623
311,Female,52,Accountant,6.6,7,45,7,Overweight,130/85,72,6000,Yes,130,85,0.17243970749493623
312,Female,52,Engineer,8.4,9,30,3,Normal,125/80,65,5000,No,125,80,-0.8590491737715664
313,Female,52,Engineer,8.4,9,30,3,Normal,125/80,65,5000,No,125,80,-0.8590491737715664
314,Female,52,Engineer,8.4,9,30,3,Normal,125/80,65,5000,No,125,80,-0.8590491737715664
315,Female,53,Engineer,8.3,9,30,3,Normal,125/80,65,5000,Yes,125,80,-0.8590491737715664
316,Female,53,Engineer,8.5,9,30,3,Normal,125/80,65,5000,No,125,80,-0.8590491737715664
317,Female,53,Engineer,8.5,9,30,3,Normal,125/80,65,5000,No,125,80,-0.8590491737715664
318,Female,53,Engineer,8.4,9,30,3,Normal,125/80,65,5000,No,125,80,-0.8590491737715664
319,Female,53,Engineer,8.4,9,30,3,Normal,125/80,65,5000,No,125,80,-0.8590491737715664
320,Female,53,Engineer,8.5,9,30,3,Normal,125/80,65,5000,No,125,80,-0.8590491737715664
321,Female,53,Engineer,8.4,9,30,3,Normal,125/80,65,5000,No,125,80,-0.8590491737715664
322,Female,53,Engineer,8.4,9,30,3,Normal,125/80,65,5000,No,125,80,-0.8590491737715664
323,Female,53,Engineer,8.5,9,30,3,Normal,125/80,65,5000,No,125,80,-0.8590491737715664
324,Female,53,Engineer,8.3,9,30,3,Normal,125/80,65,5000,No,125,80,-0.8590491737715664
325,Female,53,Engineer,8.5,9,30,3,Normal,125/80,65,5000,No,125,80,-0.8590491737715664
326,Female,53,Engineer,8.3,9,30,3,Normal,125/80,65,5000,No,125,80,-0.8590491737715664
327,Female,53,Engineer,8.5,9,30,3,Normal,125/80,65,5000,No,125,80,-0.8590491737715664
328,Female,53,Engineer,8.3,9,30,3,Normal,125/80,65,5000,No,125,80,-0.8590491737715664
329,Female,53,Engineer,8.5,9,30,3,Normal,125/80,65,5000,No,125,80,-0.8590491737715664
330,Female,53,Engineer,8.5,9,30,3,Normal,125/80,65,5000,No,125,80,-0.8590491737715664
331,Female,53,Engineer,8.4,9,30,3,Normal,125/80,65,5000,No,125,80,-0.8590491737715664
332,Female,54,Engineer,8.4,9,30,3,Normal,125/80,65,5000,No,125,80,-0.8590491737715664
333,Female,54,Engineer,8.4,9,30,3,Normal,125/80,65,5000,No,125,80,-0.8590491737715664
334,Female,54,Engineer,8.4,9,30,3,Normal,125/80,65,5000,No,125,80,-0.8590491737715664
335,Female,54,Engineer,8.4,9,30,3,Normal,125/80,65,5000,No,125,80,-0.8590491737715664
336,Female,54,Engineer,8.4,9,30,3,Normal,125/80,65,5000,No,125,80,-0.8590491737715664
337,Female,54,Engineer,8.4,9,30,3,Normal,125/80,65,5000,No,125,80,-0.8590491737715664
338,Female,54,Engineer,8.5,9,30,3,Normal,125/80,65,5000,No,125,80,-0.8590491737715664
339,Female,55,Nurse,8.1,9,75,4,Overweight,140/95,72,5000,Yes,140,95,2.2354174700279414
340,Female,55,Nurse,8.1,9,75,4,Overweight,140/95,72,5000,Yes,140,95,2.2354174700279414
341,Female,56,Doctor,8.2,9,90,3,Normal,118/75,65,10000,No,118,75,-2.073306064374283
342,Female,56,Doctor,8.2,9,90,3,Normal,118/75,65,10000,No,118,75,-2.073306064374283
343,Female,57,Nurse,8.1,9,75,3,Overweight,140/95,68,7000,No,140,95,2.2354174700279414
344,Female,57,Nurse,8.2,9,75,3,Overweight,140/95,68,7000,Yes,140,95,2.2354174700279414
345,Female,57,Nurse,8.2,9,75,3,Overweight,140/95,68,7000,Yes,140,95,2.2354174700279414
346,Female,57,Nurse,8.2,9,75,3,Overweight,140/95,68,7000,Yes,140,95,2.2354174700279414
347,Female,57,Nurse,8.2,9,75,3,Overweight,140/95,68,7000,Yes,140,95,2.2354174700279414
348,Female,57,Nurse,8.2,9,75,3,Overweight,140/95,68,7000,Yes,140,95,2.2354174700279414
349,Female,57,Nurse,8.1,9,75,3,Overweight,140/95,68,7000,Yes,140,95,2.2354174700279414
350,Female,57,Nurse,8.1,9,75,3,Overweight,140/95,68,7000,Yes,140,95,2.2354174700279414
351,Female,57,Nurse,8.1,9,75,3,Overweight,140/95,68,7000,Yes,140,95,2.2354174700279414
352,Female,58,Nurse,8.0,9,75,3,Overweight,140/95,68,7000,Yes,140,95,2.2354174700279414
353,Female,58,Nurse,8.0,9,75,3,Overweight,140/95,68,7000,Yes,140,95,2.2354174700279414
354,Female,58,Nurse,8.0,9,75,3,Overweight,140/95,68,7000,Yes,140,95,2.2354174700279414
355,Female,58,Nurse,8.0,9,75,3,Overweight,140/95,68,7000,Yes,140,95,2.2354174700279414
356,Female,58,Nurse,8.0,9,75,3,Overweight,140/95,68,7000,Yes,140,95,2.2354174700279414
357,Female,58,Nurse,8.0,9,75,3,Overweight,140/95,68,7000,Yes,140,95,2.2354174700279414
358,Female,59,Nurse,8.0,9,75,3,Overweight,140/95,68,7000,No,140,95,2.2354174700279414
359,Female,59,Nurse,8.1,9,75,3,Overweight,140/95,68,7000,No,140,95,2.2354174700279414
360,Female,59,Nurse,8.2,9,75,3,Overweight,140/95,68,7000,Yes,140,95,2.2354174700279414
361,Female,59,Nurse,8.2,9,75,3,Overweight,140/95,68,7000,Yes,140,95,2.2354174700279414
362,Female,59,Nurse,8.2,9,75,3,Overweight,140/95,68,7000,Yes,140,95,2.2354174700279414
363,Female,59,Nurse,8.2,9,75,3,Overweight,140/95,68,7000,Yes,140,95,2.2354174700279414
364,Female,59,Nurse,8.0,9,75,3,Overweight,140/95,68,7000,Yes,140,95,2.2354174700279414
365,Female,59,Nurse,8.0,9,75,3,Overweight,140/95,68,7000,Yes,140,95,2.2354174700279414
366,Female,59,Nurse,8.1,9,75,3,Overweight,140/95,68,7000,Yes,140,95,2.2354174700279414
367,Female,59,Nurse,8.0,9,75,3,Overweight,140/95,68,7000,Yes,140,95,2.2354174700279414
368,Female,59,Nurse,8.1,9,75,3,Overweight,140/95,68,7000,Yes,140,95,2.2354174700279414
369,Female,59,Nurse,8.1,9,75,3,Overweight,140/95,68,7000,Yes,140,95,2.2354174700279414
370,Female,59,Nurse,8.0,9,75,3,Overweight,140/95,68,7000,Yes,140,95,2.2354174700279414
371,Female,59,Nurse,8.1,9,75,3,Overweight,140/95,68,7000,Yes,140,95,2.2354174700279414
372,Female,59,Nurse,8.1,9,75,3,Overweight,140/95,68,7000,Yes,140,95,2.2354174700279414
373,Female,59,Nurse,8.1,9,75,3,Overweight,140/95,68,7000,Yes,140,95,2.2354174700279414
